Tamanho,InsertionSort,SelectionSort,BubbleSort,QuickSort,MergeSort
25000,2928375480,1849254200,4212365860,2731980,9574100
50000,11054542020,7080381680,16160012060,5793920,19799320
75000,24701313000,15896625300,36570751840,8897440,30360620
100000,43822522360,30416807800,66032080120,12413360,40944540
125000,69453206300,45089855200,102634942640,15543800,51222680
150000,99996462600,64648869840,147546800100,18900420,62450340
175000,135510457700,87505013680,200502433200,22636940,73625360
200000,176073329380,114091038340,261570693480,27350080,87058100
225000,223629156440,144532425320,330808795100,30017460,95763500
250000,275758241400,178351507940,409158394740,32935900,106600820
275000,333614523820,215503691140,494503334540,36547900,118575520
300000,397135813580,256247915840,589498813800,39959880,131594680
325000,466076836820,302187142460,690430175640,43577180,143578520
350000,540258009960,348874882000,801806817800,47698740,156614860
375000,620735542000,400575068920,919361499920,52824540,171160060
400000,726678198400,465481517680,1052046173140,54994960,175568300
425000,802441586920,520196348380,1188273400960,58491940,191318260
450000,890205456520,575466147460,1322786141340,61766280,200283400
